System_time,Server,Request_method,HTTP_user_agent,QUERY_STRING,REMOTE_ADDR
2019-12-11 12:25:49,FANCY-DP,GET/__swagger__/,Mozilla/5.0 (Windows NT 10.0; Win64; x64) AppleWebKit/537.36 (KHTML like Gecko) QtWebEngine/5.12.1 Chrome/69.0.3497.128 Safari/537.36,,127.0.0.1 
2019-12-11 12:25:51,FANCY-DP,GET/swagger.json,Mozilla/5.0 (Windows NT 10.0; Win64; x64) AppleWebKit/537.36 (KHTML like Gecko) QtWebEngine/5.12.1 Chrome/69.0.3497.128 Safari/537.36,?schemes=http&host=127.0.0.1:5355&path=/,127.0.0.1 
2019-12-11 12:26:17,FANCY-DP,GET/__swagger__/,Mozilla/5.0 (Windows NT 10.0; Win64; x64) AppleWebKit/537.36 (KHTML like Gecko) QtWebEngine/5.12.1 Chrome/69.0.3497.128 Safari/537.36,,127.0.0.1 
2019-12-11 12:26:17,FANCY-DP,GET/swagger.json,Mozilla/5.0 (Windows NT 10.0; Win64; x64) AppleWebKit/537.36 (KHTML like Gecko) QtWebEngine/5.12.1 Chrome/69.0.3497.128 Safari/537.36,?schemes=http&host=127.0.0.1:5355&path=/,127.0.0.1 
2019-12-11 12:26:32,FANCY-DP,GET/__swagger__/,Mozilla/5.0 (Windows NT 10.0; Win64; x64) AppleWebKit/537.36 (KHTML like Gecko) QtWebEngine/5.12.1 Chrome/69.0.3497.128 Safari/537.36,,127.0.0.1 
2019-12-11 12:26:33,FANCY-DP,GET/swagger.json,Mozilla/5.0 (Windows NT 10.0; Win64; x64) AppleWebKit/537.36 (KHTML like Gecko) QtWebEngine/5.12.1 Chrome/69.0.3497.128 Safari/537.36,?schemes=http&host=127.0.0.1:5355&path=/,127.0.0.1 
2019-12-11 12:29:49,FANCY-DP,GET/__swagger__/,Mozilla/5.0 (Windows NT 10.0; Win64; x64) AppleWebKit/537.36 (KHTML like Gecko) QtWebEngine/5.12.1 Chrome/69.0.3497.128 Safari/537.36,,127.0.0.1 
2019-12-11 12:29:49,FANCY-DP,GET/swagger.json,Mozilla/5.0 (Windows NT 10.0; Win64; x64) AppleWebKit/537.36 (KHTML like Gecko) QtWebEngine/5.12.1 Chrome/69.0.3497.128 Safari/537.36,?schemes=http&host=127.0.0.1:5355&path=/,127.0.0.1 
2019-12-11 12:29:56,FANCY-DP,GET/__swagger__/,Mozilla/5.0 (Windows NT 10.0; Win64; x64) AppleWebKit/537.36 (KHTML like Gecko) QtWebEngine/5.12.1 Chrome/69.0.3497.128 Safari/537.36,,127.0.0.1 
2019-12-11 12:29:56,FANCY-DP,GET/swagger.json,Mozilla/5.0 (Windows NT 10.0; Win64; x64) AppleWebKit/537.36 (KHTML like Gecko) QtWebEngine/5.12.1 Chrome/69.0.3497.128 Safari/537.36,?schemes=http&host=127.0.0.1:5355&path=/,127.0.0.1 
2019-12-11 12:30:06,FANCY-DP,GET/__swagger__/,Mozilla/5.0 (Windows NT 10.0; Win64; x64) AppleWebKit/537.36 (KHTML like Gecko) QtWebEngine/5.12.1 Chrome/69.0.3497.128 Safari/537.36,,127.0.0.1 
2019-12-11 12:30:06,FANCY-DP,GET/swagger.json,Mozilla/5.0 (Windows NT 10.0; Win64; x64) AppleWebKit/537.36 (KHTML like Gecko) QtWebEngine/5.12.1 Chrome/69.0.3497.128 Safari/537.36,?schemes=http&host=127.0.0.1:5355&path=/,127.0.0.1 
2019-12-11 12:30:55,FANCY-DP,GET/__swagger__/,Mozilla/5.0 (Windows NT 10.0; Win64; x64) AppleWebKit/537.36 (KHTML like Gecko) QtWebEngine/5.12.1 Chrome/69.0.3497.128 Safari/537.36,,127.0.0.1 
2019-12-11 12:30:55,FANCY-DP,GET/swagger.json,Mozilla/5.0 (Windows NT 10.0; Win64; x64) AppleWebKit/537.36 (KHTML like Gecko) QtWebEngine/5.12.1 Chrome/69.0.3497.128 Safari/537.36,?schemes=http&host=127.0.0.1:5355&path=/,127.0.0.1 
2019-12-11 12:31:02,FANCY-DP,GET/__swagger__/,Mozilla/5.0 (Windows NT 10.0; Win64; x64) AppleWebKit/537.36 (KHTML like Gecko) QtWebEngine/5.12.1 Chrome/69.0.3497.128 Safari/537.36,,127.0.0.1 
2019-12-11 12:31:02,FANCY-DP,GET/swagger.json,Mozilla/5.0 (Windows NT 10.0; Win64; x64) AppleWebKit/537.36 (KHTML like Gecko) QtWebEngine/5.12.1 Chrome/69.0.3497.128 Safari/537.36,?schemes=http&host=127.0.0.1:5355&path=/,127.0.0.1 
2019-12-11 13:03:36,FANCY-DP,GET/__swagger__/,Mozilla/5.0 (Windows NT 10.0; Win64; x64) AppleWebKit/537.36 (KHTML like Gecko) QtWebEngine/5.12.1 Chrome/69.0.3497.128 Safari/537.36,,127.0.0.1 
2019-12-11 13:03:36,FANCY-DP,GET/swagger.json,Mozilla/5.0 (Windows NT 10.0; Win64; x64) AppleWebKit/537.36 (KHTML like Gecko) QtWebEngine/5.12.1 Chrome/69.0.3497.128 Safari/537.36,?schemes=http&host=127.0.0.1:5355&path=/,127.0.0.1 
2019-12-11 13:04:14,FANCY-DP,GET/SMIPS/TimeSeries,Mozilla/5.0 (Windows NT 10.0; Win64; x64) AppleWebKit/537.36 (KHTML like Gecko) QtWebEngine/5.12.1 Chrome/69.0.3497.128 Safari/537.36,?Longitude=150&Latitude=-25&StartDate=01-01-2019&EndDate=10-01-2019,127.0.0.1 
2019-12-11 13:04:44,FANCY-DP,GET/SMIPS/TimeSeries,Mozilla/5.0 (Windows NT 10.0; Win64; x64) AppleWebKit/537.36 (KHTML like Gecko) Chrome/78.0.3904.108 Safari/537.36,?Longitude=150&Latitude=-25&StartDate=01-01-2019&EndDate=10-01-2019,127.0.0.1 
2019-12-11 13:04:50,FANCY-DP,GET/favicon.ico,Mozilla/5.0 (Windows NT 10.0; Win64; x64) AppleWebKit/537.36 (KHTML like Gecko) Chrome/78.0.3904.108 Safari/537.36,,127.0.0.1 
2019-12-11 13:06:31,FANCY-DP,GET/SMIPS/TimeSeries,Mozilla/5.0 (Windows NT 10.0; Win64; x64) AppleWebKit/537.36 (KHTML like Gecko) Chrome/78.0.3904.108 Safari/537.36,?Longitude=150&Latitude=-25&StartDate=13-06-2018&EndDate=14-06-2018,127.0.0.1 
2019-12-11 13:08:40,FANCY-DP,GET/SMIPS/TimeSeries,Mozilla/5.0 (Windows NT 10.0; Win64; x64) AppleWebKit/537.36 (KHTML like Gecko) Chrome/78.0.3904.108 Safari/537.36,?Longitude=153.0219&Latitude=-27.4374&StartDate=13-06-2018&EndDate=14-06-2018,127.0.0.1 
2019-12-11 13:20:03,FANCY-DP,GET/__swagger__/,Mozilla/5.0 (Windows NT 10.0; Win64; x64) AppleWebKit/537.36 (KHTML like Gecko) QtWebEngine/5.12.1 Chrome/69.0.3497.128 Safari/537.36,,127.0.0.1 
2019-12-11 13:20:03,FANCY-DP,GET/swagger.json,Mozilla/5.0 (Windows NT 10.0; Win64; x64) AppleWebKit/537.36 (KHTML like Gecko) QtWebEngine/5.12.1 Chrome/69.0.3497.128 Safari/537.36,?schemes=http&host=127.0.0.1:5355&path=/,127.0.0.1 
2019-12-11 13:20:45,FANCY-DP,GET/SMIPS/TimeSeries,libcurl/7.64.1 r-curl/4.2 httr/1.4.1,?Longitude=153.0219&Latitude=-27.4374&StartDate=13-06-2018&EndDate=14-06-2018,127.0.0.1 
2019-12-11 13:22:50,FANCY-DP,GET/__swagger__/,Mozilla/5.0 (Windows NT 10.0; Win64; x64) AppleWebKit/537.36 (KHTML like Gecko) QtWebEngine/5.12.1 Chrome/69.0.3497.128 Safari/537.36,, 
2019-12-11 13:22:50,FANCY-DP,GET/__swagger__/,Mozilla/5.0 (Windows NT 10.0; Win64; x64) AppleWebKit/537.36 (KHTML like Gecko) QtWebEngine/5.12.1 Chrome/69.0.3497.128 Safari/537.36,,127.0.0.1 
2019-12-11 13:22:50,FANCY-DP,GET/swagger.json,Mozilla/5.0 (Windows NT 10.0; Win64; x64) AppleWebKit/537.36 (KHTML like Gecko) QtWebEngine/5.12.1 Chrome/69.0.3497.128 Safari/537.36,?schemes=http&host=127.0.0.1:5355&path=/,127.0.0.1 
2019-12-11 13:22:53,FANCY-DP,GET/SMIPS/TimeSeries,Mozilla/5.0 (Windows NT 10.0; Win64; x64) AppleWebKit/537.36 (KHTML like Gecko) Chrome/78.0.3904.108 Safari/537.36,?Longitude=153.0219&Latitude=-27.4374&StartDate=13-06-2018&EndDate=14-06-2018,127.0.0.1 
2019-12-11 13:23:21,FANCY-DP,GET/__swagger__/,Mozilla/5.0 (Windows NT 10.0; Win64; x64) AppleWebKit/537.36 (KHTML like Gecko) QtWebEngine/5.12.1 Chrome/69.0.3497.128 Safari/537.36,,127.0.0.1 
2019-12-11 13:23:21,FANCY-DP,GET/swagger.json,Mozilla/5.0 (Windows NT 10.0; Win64; x64) AppleWebKit/537.36 (KHTML like Gecko) QtWebEngine/5.12.1 Chrome/69.0.3497.128 Safari/537.36,?schemes=http&host=127.0.0.1:5355&path=/,127.0.0.1 
2019-12-11 13:23:24,FANCY-DP,GET/SMIPS/TimeSeries,Mozilla/5.0 (Windows NT 10.0; Win64; x64) AppleWebKit/537.36 (KHTML like Gecko) Chrome/78.0.3904.108 Safari/537.36,?Longitude=153.0219&Latitude=-27.4374&StartDate=13-06-2018&EndDate=14-06-2018,127.0.0.1 
2019-12-11 13:24:41,FANCY-DP,GET/__swagger__/,Mozilla/5.0 (Windows NT 10.0; Win64; x64) AppleWebKit/537.36 (KHTML like Gecko) QtWebEngine/5.12.1 Chrome/69.0.3497.128 Safari/537.36,,127.0.0.1 
2019-12-11 13:24:41,FANCY-DP,GET/swagger.json,Mozilla/5.0 (Windows NT 10.0; Win64; x64) AppleWebKit/537.36 (KHTML like Gecko) QtWebEngine/5.12.1 Chrome/69.0.3497.128 Safari/537.36,?schemes=http&host=127.0.0.1:5355&path=/,127.0.0.1 
2019-12-11 13:24:45,FANCY-DP,GET/SMIPS/TimeSeries,Mozilla/5.0 (Windows NT 10.0; Win64; x64) AppleWebKit/537.36 (KHTML like Gecko) Chrome/78.0.3904.108 Safari/537.36,?Longitude=153.0219&Latitude=-27.4374&StartDate=13-06-2018&EndDate=14-06-2018,127.0.0.1 
2019-12-11 13:26:28,FANCY-DP,GET/__swagger__/,Mozilla/5.0 (Windows NT 10.0; Win64; x64) AppleWebKit/537.36 (KHTML like Gecko) QtWebEngine/5.12.1 Chrome/69.0.3497.128 Safari/537.36,, 
2019-12-11 13:26:28,FANCY-DP,GET/__swagger__/,Mozilla/5.0 (Windows NT 10.0; Win64; x64) AppleWebKit/537.36 (KHTML like Gecko) QtWebEngine/5.12.1 Chrome/69.0.3497.128 Safari/537.36,,127.0.0.1 
2019-12-11 13:26:28,FANCY-DP,GET/swagger.json,Mozilla/5.0 (Windows NT 10.0; Win64; x64) AppleWebKit/537.36 (KHTML like Gecko) QtWebEngine/5.12.1 Chrome/69.0.3497.128 Safari/537.36,?schemes=http&host=127.0.0.1:5355&path=/,127.0.0.1 
2019-12-11 13:26:30,FANCY-DP,GET/SMIPS/TimeSeries,Mozilla/5.0 (Windows NT 10.0; Win64; x64) AppleWebKit/537.36 (KHTML like Gecko) Chrome/78.0.3904.108 Safari/537.36,?Longitude=153.0219&Latitude=-27.4374&StartDate=13-06-2018&EndDate=14-06-2018,127.0.0.1 
2019-12-11 13:28:27,FANCY-DP,GET/__swagger__/,Mozilla/5.0 (Windows NT 10.0; Win64; x64) AppleWebKit/537.36 (KHTML like Gecko) QtWebEngine/5.12.1 Chrome/69.0.3497.128 Safari/537.36,, 
2019-12-11 13:28:27,FANCY-DP,GET/__swagger__/,Mozilla/5.0 (Windows NT 10.0; Win64; x64) AppleWebKit/537.36 (KHTML like Gecko) QtWebEngine/5.12.1 Chrome/69.0.3497.128 Safari/537.36,,127.0.0.1 
2019-12-11 13:28:27,FANCY-DP,GET/swagger.json,Mozilla/5.0 (Windows NT 10.0; Win64; x64) AppleWebKit/537.36 (KHTML like Gecko) QtWebEngine/5.12.1 Chrome/69.0.3497.128 Safari/537.36,?schemes=http&host=127.0.0.1:5355&path=/,127.0.0.1 
2019-12-11 13:28:32,FANCY-DP,GET/SMIPS/TimeSeries,Mozilla/5.0 (Windows NT 10.0; Win64; x64) AppleWebKit/537.36 (KHTML like Gecko) Chrome/78.0.3904.108 Safari/537.36,?Longitude=153.0219&Latitude=-27.4374&StartDate=13-06-2018&EndDate=14-06-2018,127.0.0.1 
2019-12-11 13:29:32,FANCY-DP,GET/__swagger__/,Mozilla/5.0 (Windows NT 10.0; Win64; x64) AppleWebKit/537.36 (KHTML like Gecko) QtWebEngine/5.12.1 Chrome/69.0.3497.128 Safari/537.36,,127.0.0.1 
2019-12-11 13:29:32,FANCY-DP,GET/swagger.json,Mozilla/5.0 (Windows NT 10.0; Win64; x64) AppleWebKit/537.36 (KHTML like Gecko) QtWebEngine/5.12.1 Chrome/69.0.3497.128 Safari/537.36,?schemes=http&host=127.0.0.1:5355&path=/,127.0.0.1 
2019-12-11 13:29:34,FANCY-DP,GET/SMIPS/TimeSeries,Mozilla/5.0 (Windows NT 10.0; Win64; x64) AppleWebKit/537.36 (KHTML like Gecko) Chrome/78.0.3904.108 Safari/537.36,?Longitude=153.0219&Latitude=-27.4374&StartDate=13-06-2018&EndDate=14-06-2018,127.0.0.1 
2019-12-11 13:33:04,FANCY-DP,GET/__swagger__/,Mozilla/5.0 (Windows NT 10.0; Win64; x64) AppleWebKit/537.36 (KHTML like Gecko) QtWebEngine/5.12.1 Chrome/69.0.3497.128 Safari/537.36,, 
2019-12-11 13:33:04,FANCY-DP,GET/__swagger__/,Mozilla/5.0 (Windows NT 10.0; Win64; x64) AppleWebKit/537.36 (KHTML like Gecko) QtWebEngine/5.12.1 Chrome/69.0.3497.128 Safari/537.36,,127.0.0.1 
2019-12-11 13:33:04,FANCY-DP,GET/swagger.json,Mozilla/5.0 (Windows NT 10.0; Win64; x64) AppleWebKit/537.36 (KHTML like Gecko) QtWebEngine/5.12.1 Chrome/69.0.3497.128 Safari/537.36,?schemes=http&host=127.0.0.1:5355&path=/,127.0.0.1 
2019-12-11 13:33:15,FANCY-DP,GET/SMIPS/TimeSeries,Mozilla/5.0 (Windows NT 10.0; Win64; x64) AppleWebKit/537.36 (KHTML like Gecko) Chrome/78.0.3904.108 Safari/537.36,?Longitude=153.0219&Latitude=-27.4374&StartDate=13-06-2018&EndDate=14-06-2018,127.0.0.1 
2019-12-11 13:33:49,FANCY-DP,GET/__swagger__/,Mozilla/5.0 (Windows NT 10.0; Win64; x64) AppleWebKit/537.36 (KHTML like Gecko) QtWebEngine/5.12.1 Chrome/69.0.3497.128 Safari/537.36,,127.0.0.1 
2019-12-11 13:33:49,FANCY-DP,GET/__swagger__/,Mozilla/5.0 (Windows NT 10.0; Win64; x64) AppleWebKit/537.36 (KHTML like Gecko) QtWebEngine/5.12.1 Chrome/69.0.3497.128 Safari/537.36,,127.0.0.1 
2019-12-11 13:33:50,FANCY-DP,GET/swagger.json,Mozilla/5.0 (Windows NT 10.0; Win64; x64) AppleWebKit/537.36 (KHTML like Gecko) QtWebEngine/5.12.1 Chrome/69.0.3497.128 Safari/537.36,?schemes=http&host=127.0.0.1:5355&path=/,127.0.0.1 
2019-12-11 13:33:52,FANCY-DP,GET/SMIPS/TimeSeries,Mozilla/5.0 (Windows NT 10.0; Win64; x64) AppleWebKit/537.36 (KHTML like Gecko) Chrome/78.0.3904.108 Safari/537.36,?Longitude=153.0219&Latitude=-27.4374&StartDate=13-06-2018&EndDate=14-06-2018,127.0.0.1 
2019-12-11 13:34:03,FANCY-DP,GET/__swagger__/,Mozilla/5.0 (Windows NT 10.0; Win64; x64) AppleWebKit/537.36 (KHTML like Gecko) QtWebEngine/5.12.1 Chrome/69.0.3497.128 Safari/537.36,,127.0.0.1 
2019-12-11 13:34:04,FANCY-DP,GET/swagger.json,Mozilla/5.0 (Windows NT 10.0; Win64; x64) AppleWebKit/537.36 (KHTML like Gecko) QtWebEngine/5.12.1 Chrome/69.0.3497.128 Safari/537.36,?schemes=http&host=127.0.0.1:5355&path=/,127.0.0.1 
2019-12-11 13:34:05,FANCY-DP,GET/SMIPS/TimeSeries,Mozilla/5.0 (Windows NT 10.0; Win64; x64) AppleWebKit/537.36 (KHTML like Gecko) Chrome/78.0.3904.108 Safari/537.36,?Longitude=153.0219&Latitude=-27.4374&StartDate=13-06-2018&EndDate=14-06-2018,127.0.0.1 
2019-12-11 13:34:35,FANCY-DP,GET/__swagger__/,Mozilla/5.0 (Windows NT 10.0; Win64; x64) AppleWebKit/537.36 (KHTML like Gecko) QtWebEngine/5.12.1 Chrome/69.0.3497.128 Safari/537.36,,127.0.0.1 
2019-12-11 13:34:35,FANCY-DP,GET/swagger.json,Mozilla/5.0 (Windows NT 10.0; Win64; x64) AppleWebKit/537.36 (KHTML like Gecko) QtWebEngine/5.12.1 Chrome/69.0.3497.128 Safari/537.36,?schemes=http&host=127.0.0.1:5355&path=/,127.0.0.1 
2019-12-11 13:34:36,FANCY-DP,GET/SMIPS/TimeSeries,Mozilla/5.0 (Windows NT 10.0; Win64; x64) AppleWebKit/537.36 (KHTML like Gecko) Chrome/78.0.3904.108 Safari/537.36,?Longitude=153.0219&Latitude=-27.4374&StartDate=13-06-2018&EndDate=14-06-2018,127.0.0.1 
2019-12-11 13:36:40,FANCY-DP,GET/__swagger__/,Mozilla/5.0 (Windows NT 10.0; Win64; x64) AppleWebKit/537.36 (KHTML like Gecko) QtWebEngine/5.12.1 Chrome/69.0.3497.128 Safari/537.36,,127.0.0.1 
2019-12-11 13:36:40,FANCY-DP,GET/__swagger__/,Mozilla/5.0 (Windows NT 10.0; Win64; x64) AppleWebKit/537.36 (KHTML like Gecko) QtWebEngine/5.12.1 Chrome/69.0.3497.128 Safari/537.36,,127.0.0.1 
2019-12-11 13:36:40,FANCY-DP,GET/swagger.json,Mozilla/5.0 (Windows NT 10.0; Win64; x64) AppleWebKit/537.36 (KHTML like Gecko) QtWebEngine/5.12.1 Chrome/69.0.3497.128 Safari/537.36,?schemes=http&host=127.0.0.1:5355&path=/,127.0.0.1 
2019-12-11 13:42:47,FANCY-DP,GET/__swagger__/,Mozilla/5.0 (Windows NT 10.0; Win64; x64) AppleWebKit/537.36 (KHTML like Gecko) QtWebEngine/5.12.1 Chrome/69.0.3497.128 Safari/537.36,,127.0.0.1 
2019-12-11 13:42:47,FANCY-DP,GET/swagger.json,Mozilla/5.0 (Windows NT 10.0; Win64; x64) AppleWebKit/537.36 (KHTML like Gecko) QtWebEngine/5.12.1 Chrome/69.0.3497.128 Safari/537.36,?schemes=http&host=127.0.0.1:5355&path=/,127.0.0.1 
2019-12-11 13:42:50,FANCY-DP,GET/SMIPS/TimeSeries,Mozilla/5.0 (Windows NT 10.0; Win64; x64) AppleWebKit/537.36 (KHTML like Gecko) Chrome/78.0.3904.108 Safari/537.36,?Longitude=153.0219&Latitude=-27.4374&StartDate=13-06-2018&EndDate=14-06-2018,127.0.0.1 
2019-12-11 13:44:21,FANCY-DP,GET/__swagger__/,Mozilla/5.0 (Windows NT 10.0; Win64; x64) AppleWebKit/537.36 (KHTML like Gecko) QtWebEngine/5.12.1 Chrome/69.0.3497.128 Safari/537.36,,127.0.0.1 
2019-12-11 13:44:21,FANCY-DP,GET/__swagger__/,Mozilla/5.0 (Windows NT 10.0; Win64; x64) AppleWebKit/537.36 (KHTML like Gecko) QtWebEngine/5.12.1 Chrome/69.0.3497.128 Safari/537.36,,127.0.0.1 
2019-12-11 13:44:21,FANCY-DP,GET/swagger.json,Mozilla/5.0 (Windows NT 10.0; Win64; x64) AppleWebKit/537.36 (KHTML like Gecko) QtWebEngine/5.12.1 Chrome/69.0.3497.128 Safari/537.36,?schemes=http&host=127.0.0.1:5355&path=/,127.0.0.1 
2019-12-11 13:44:23,FANCY-DP,GET/SMIPS/TimeSeries,Mozilla/5.0 (Windows NT 10.0; Win64; x64) AppleWebKit/537.36 (KHTML like Gecko) Chrome/78.0.3904.108 Safari/537.36,?Longitude=153.0219&Latitude=-27.4374&StartDate=13-06-2018&EndDate=14-06-2018,127.0.0.1 
2019-12-11 14:01:43,FANCY-DP,GET/__swagger__/,Mozilla/5.0 (Windows NT 10.0; Win64; x64) AppleWebKit/537.36 (KHTML like Gecko) QtWebEngine/5.12.1 Chrome/69.0.3497.128 Safari/537.36,, 
2019-12-11 14:01:43,FANCY-DP,GET/__swagger__/,Mozilla/5.0 (Windows NT 10.0; Win64; x64) AppleWebKit/537.36 (KHTML like Gecko) QtWebEngine/5.12.1 Chrome/69.0.3497.128 Safari/537.36,,127.0.0.1 
2019-12-11 14:01:44,FANCY-DP,GET/swagger.json,Mozilla/5.0 (Windows NT 10.0; Win64; x64) AppleWebKit/537.36 (KHTML like Gecko) QtWebEngine/5.12.1 Chrome/69.0.3497.128 Safari/537.36,?schemes=http&host=127.0.0.1:5355&path=/,127.0.0.1 
2019-12-11 14:02:12,FANCY-DP,GET/SMIPS/TimeSeries,Mozilla/5.0 (Windows NT 10.0; Win64; x64) AppleWebKit/537.36 (KHTML like Gecko) Chrome/78.0.3904.108 Safari/537.36,?Longitude=143.0219&Latitude=-20.4374&StartDate=13-06-2018&EndDate=14-06-2018,127.0.0.1 
2019-12-11 14:02:56,FANCY-DP,GET/SMIPS/TimeSeries,Mozilla/5.0 (Windows NT 10.0; Win64; x64) AppleWebKit/537.36 (KHTML like Gecko) Chrome/78.0.3904.108 Safari/537.36,?Longitude=143.0219&Latitude=-20.4374&StartDate=13-06-2018&EndDate=13-06-2018,127.0.0.1 
2019-12-11 14:03:28,FANCY-DP,GET/SMIPS/TimeSeries,Mozilla/5.0 (Windows NT 10.0; Win64; x64) AppleWebKit/537.36 (KHTML like Gecko) Chrome/78.0.3904.108 Safari/537.36,?Longitude=143.0219&Latitude=-20.4374&StartDate=13-06-2018&EndDate=13-06-2018,127.0.0.1 
2019-12-11 14:07:22,FANCY-DP,GET/__swagger__/,Mozilla/5.0 (Windows NT 10.0; Win64; x64) AppleWebKit/537.36 (KHTML like Gecko) QtWebEngine/5.12.1 Chrome/69.0.3497.128 Safari/537.36,, 
2019-12-11 14:07:22,FANCY-DP,GET/__swagger__/,Mozilla/5.0 (Windows NT 10.0; Win64; x64) AppleWebKit/537.36 (KHTML like Gecko) QtWebEngine/5.12.1 Chrome/69.0.3497.128 Safari/537.36,,127.0.0.1 
2019-12-11 14:07:22,FANCY-DP,GET/swagger.json,Mozilla/5.0 (Windows NT 10.0; Win64; x64) AppleWebKit/537.36 (KHTML like Gecko) QtWebEngine/5.12.1 Chrome/69.0.3497.128 Safari/537.36,?schemes=http&host=127.0.0.1:5355&path=/,127.0.0.1 
2019-12-11 14:07:29,FANCY-DP,GET/SMIPS/TimeSeries,Mozilla/5.0 (Windows NT 10.0; Win64; x64) AppleWebKit/537.36 (KHTML like Gecko) Chrome/78.0.3904.108 Safari/537.36,?Longitude=143.0219&Latitude=-20.4374&StartDate=13-06-2018&EndDate=14-06-2018,127.0.0.1 
2019-12-11 14:09:26,FANCY-DP,GET/__swagger__/,Mozilla/5.0 (Windows NT 10.0; Win64; x64) AppleWebKit/537.36 (KHTML like Gecko) QtWebEngine/5.12.1 Chrome/69.0.3497.128 Safari/537.36,,127.0.0.1 
2019-12-11 14:09:26,FANCY-DP,GET/swagger.json,Mozilla/5.0 (Windows NT 10.0; Win64; x64) AppleWebKit/537.36 (KHTML like Gecko) QtWebEngine/5.12.1 Chrome/69.0.3497.128 Safari/537.36,?schemes=http&host=127.0.0.1:5355&path=/,127.0.0.1 
2019-12-11 14:09:31,FANCY-DP,GET/SMIPS/TimeSeries,libcurl/7.64.1 r-curl/4.2 httr/1.4.1,?longitude=153.0219&latitude=-27.4374&sdate=13-06-2018&edate=14-06-2018,127.0.0.1 
2019-12-11 14:10:09,FANCY-DP,GET/__swagger__/,Mozilla/5.0 (Windows NT 10.0; Win64; x64) AppleWebKit/537.36 (KHTML like Gecko) QtWebEngine/5.12.1 Chrome/69.0.3497.128 Safari/537.36,,127.0.0.1 
2019-12-11 14:10:09,FANCY-DP,GET/__swagger__/,Mozilla/5.0 (Windows NT 10.0; Win64; x64) AppleWebKit/537.36 (KHTML like Gecko) QtWebEngine/5.12.1 Chrome/69.0.3497.128 Safari/537.36,,127.0.0.1 
2019-12-11 14:10:09,FANCY-DP,GET/swagger.json,Mozilla/5.0 (Windows NT 10.0; Win64; x64) AppleWebKit/537.36 (KHTML like Gecko) QtWebEngine/5.12.1 Chrome/69.0.3497.128 Safari/537.36,?schemes=http&host=127.0.0.1:5355&path=/,127.0.0.1 
2019-12-11 14:10:13,FANCY-DP,GET/SMIPS/TimeSeries,libcurl/7.64.1 r-curl/4.2 httr/1.4.1,?longitude=153.0219&latitude=-27.4374&sdate=13-06-2018&edate=14-06-2018,127.0.0.1 
2019-12-11 14:11:52,FANCY-DP,GET/__swagger__/,Mozilla/5.0 (Windows NT 10.0; Win64; x64) AppleWebKit/537.36 (KHTML like Gecko) QtWebEngine/5.12.1 Chrome/69.0.3497.128 Safari/537.36,,127.0.0.1 
2019-12-11 14:11:52,FANCY-DP,GET/swagger.json,Mozilla/5.0 (Windows NT 10.0; Win64; x64) AppleWebKit/537.36 (KHTML like Gecko) QtWebEngine/5.12.1 Chrome/69.0.3497.128 Safari/537.36,?schemes=http&host=127.0.0.1:5355&path=/,127.0.0.1 
2019-12-11 14:12:03,FANCY-DP,GET/SMIPS/TimeSeries,libcurl/7.64.1 r-curl/4.2 httr/1.4.1,?longitude=153.0219&latitude=-27.4374&sdate=13-06-2018&edate=14-06-2018,127.0.0.1 
2019-12-11 14:13:17,FANCY-DP,GET/__swagger__/,Mozilla/5.0 (Windows NT 10.0; Win64; x64) AppleWebKit/537.36 (KHTML like Gecko) QtWebEngine/5.12.1 Chrome/69.0.3497.128 Safari/537.36,,127.0.0.1 
2019-12-11 14:13:17,FANCY-DP,GET/swagger.json,Mozilla/5.0 (Windows NT 10.0; Win64; x64) AppleWebKit/537.36 (KHTML like Gecko) QtWebEngine/5.12.1 Chrome/69.0.3497.128 Safari/537.36,?schemes=http&host=127.0.0.1:5355&path=/,127.0.0.1 
2019-12-11 14:13:24,FANCY-DP,GET/SMIPS/TimeSeries,libcurl/7.64.1 r-curl/4.2 httr/1.4.1,?longitude=153.0219&latitude=-27.4374&sdate=13-06-2018&edate=14-06-2018,127.0.0.1 
2019-12-11 14:13:41,FANCY-DP,GET/__swagger__/,Mozilla/5.0 (Windows NT 10.0; Win64; x64) AppleWebKit/537.36 (KHTML like Gecko) QtWebEngine/5.12.1 Chrome/69.0.3497.128 Safari/537.36,,127.0.0.1 
2019-12-11 14:13:41,FANCY-DP,GET/__swagger__/,Mozilla/5.0 (Windows NT 10.0; Win64; x64) AppleWebKit/537.36 (KHTML like Gecko) QtWebEngine/5.12.1 Chrome/69.0.3497.128 Safari/537.36,,127.0.0.1 
2019-12-11 14:13:42,FANCY-DP,GET/swagger.json,Mozilla/5.0 (Windows NT 10.0; Win64; x64) AppleWebKit/537.36 (KHTML like Gecko) QtWebEngine/5.12.1 Chrome/69.0.3497.128 Safari/537.36,?schemes=http&host=127.0.0.1:5355&path=/,127.0.0.1 
2019-12-11 14:13:46,FANCY-DP,GET/SMIPS/TimeSeries,libcurl/7.64.1 r-curl/4.2 httr/1.4.1,?longitude=153.0219&latitude=-27.4374&sdate=13-06-2018&edate=14-06-2018,127.0.0.1 
2019-12-11 14:14:50,FANCY-DP,GET/SMIPS/TimeSeries,Mozilla/5.0 (Windows NT 10.0; Win64; x64) AppleWebKit/537.36 (KHTML like Gecko) Chrome/78.0.3904.108 Safari/537.36,?longitude=153.0219&latitude=-27.4374&sdate=13-06-2018&edate=13-06-2018,127.0.0.1 
2019-12-11 14:18:36,FANCY-DP,GET/__swagger__/,Mozilla/5.0 (Windows NT 10.0; Win64; x64) AppleWebKit/537.36 (KHTML like Gecko) QtWebEngine/5.12.1 Chrome/69.0.3497.128 Safari/537.36,,127.0.0.1 
2019-12-11 14:18:36,FANCY-DP,GET/swagger.json,Mozilla/5.0 (Windows NT 10.0; Win64; x64) AppleWebKit/537.36 (KHTML like Gecko) QtWebEngine/5.12.1 Chrome/69.0.3497.128 Safari/537.36,?schemes=http&host=127.0.0.1:5355&path=/,127.0.0.1 
2019-12-11 14:18:37,FANCY-DP,GET/SMIPS/TimeSeries,Mozilla/5.0 (Windows NT 10.0; Win64; x64) AppleWebKit/537.36 (KHTML like Gecko) Chrome/78.0.3904.108 Safari/537.36,?longitude=153.0219&latitude=-27.4374&sdate=13-06-2018&edate=13-06-2018,127.0.0.1 
2019-12-11 14:19:58,FANCY-DP,GET/SMIPS/TimeSeries,Mozilla/5.0 (Windows NT 10.0; Win64; x64) AppleWebKit/537.36 (KHTML like Gecko) Chrome/78.0.3904.108 Safari/537.36,?longitude=153.0219&latitude=-27.4374&sdate=13-06-2018&edate=13-07-2018,127.0.0.1 
2019-12-11 14:20:47,FANCY-DP,GET/SMIPS/TimeSeries,Mozilla/5.0 (Windows NT 10.0; Win64; x64) AppleWebKit/537.36 (KHTML like Gecko) Chrome/78.0.3904.108 Safari/537.36,?longitude=150.0219&latitude=-27.4374&sdate=13-06-2018&edate=13-07-2018,127.0.0.1 
2019-12-11 14:21:00,FANCY-DP,GET/SMIPS/TimeSeries,Mozilla/5.0 (Windows NT 10.0; Win64; x64) AppleWebKit/537.36 (KHTML like Gecko) Chrome/78.0.3904.108 Safari/537.36,?longitude=150.0219&latitude=-27.4374&sdate=13-06-2018&edate=13-07-2019,127.0.0.1 
2019-12-11 14:22:34,FANCY-DP,GET/SMIPS/TimeSeries,Mozilla/5.0 (Windows NT 10.0; Win64; x64) AppleWebKit/537.36 (KHTML like Gecko) Chrome/78.0.3904.108 Safari/537.36,?longitude=150.0219&latitude=-35.4374&sdate=13-06-2016&edate=13-12-2016,127.0.0.1 
2019-12-11 14:23:40,FANCY-DP,GET/SMIPS/TimeSeries,Mozilla/5.0 (Windows NT 10.0; Win64; x64) AppleWebKit/537.36 (KHTML like Gecko) Chrome/78.0.3904.108 Safari/537.36,?longitude=140.0219&latitude=-35.4374&sdate=13-06-2016&edate=13-12-2016,127.0.0.1 
2019-12-11 14:23:49,FANCY-DP,GET/SMIPS/TimeSeries,Mozilla/5.0 (Windows NT 10.0; Win64; x64) AppleWebKit/537.36 (KHTML like Gecko) Chrome/78.0.3904.108 Safari/537.36,?longitude=130.0219&latitude=-35.4374&sdate=13-06-2016&edate=13-12-2016,127.0.0.1 
2019-12-11 14:37:32,FANCY-DP,GET/__swagger__/,Mozilla/5.0 (Windows NT 10.0; Win64; x64) AppleWebKit/537.36 (KHTML like Gecko) QtWebEngine/5.12.1 Chrome/69.0.3497.128 Safari/537.36,,127.0.0.1 
2019-12-11 14:37:32,FANCY-DP,GET/swagger.json,Mozilla/5.0 (Windows NT 10.0; Win64; x64) AppleWebKit/537.36 (KHTML like Gecko) QtWebEngine/5.12.1 Chrome/69.0.3497.128 Safari/537.36,?schemes=http&host=127.0.0.1:5355&path=/,127.0.0.1 
2019-12-11 14:37:36,FANCY-DP,GET/SMIPS/TimeSeries,Mozilla/5.0 (Windows NT 10.0; Win64; x64) AppleWebKit/537.36 (KHTML like Gecko) Chrome/78.0.3904.108 Safari/537.36,?longitude=130.0219&latitude=-35.4374&sdate=13-06-2016&edate=13-12-2016,127.0.0.1 
2019-12-11 14:37:52,FANCY-DP,GET/SMIPS/TimeSeries,Mozilla/5.0 (Windows NT 10.0; Win64; x64) AppleWebKit/537.36 (KHTML like Gecko) Chrome/78.0.3904.108 Safari/537.36,?longitude=130.0219&latitude=-35.4374&sdate=13-06-2016&edate=15-06-2016,127.0.0.1 
2019-12-11 14:38:01,FANCY-DP,GET/SMIPS/TimeSeries,Mozilla/5.0 (Windows NT 10.0; Win64; x64) AppleWebKit/537.36 (KHTML like Gecko) Chrome/78.0.3904.108 Safari/537.36,?longitude=130.0219&latitude=-35.4374&sdate=77-06-2016&edate=15-06-2016,127.0.0.1 
2019-12-11 14:38:52,FANCY-DP,GET/__swagger__/,Mozilla/5.0 (Windows NT 10.0; Win64; x64) AppleWebKit/537.36 (KHTML like Gecko) QtWebEngine/5.12.1 Chrome/69.0.3497.128 Safari/537.36,,127.0.0.1 
2019-12-11 14:38:52,FANCY-DP,GET/swagger.json,Mozilla/5.0 (Windows NT 10.0; Win64; x64) AppleWebKit/537.36 (KHTML like Gecko) QtWebEngine/5.12.1 Chrome/69.0.3497.128 Safari/537.36,?schemes=http&host=127.0.0.1:5355&path=/,127.0.0.1 
2019-12-11 14:38:56,FANCY-DP,GET/SMIPS/TimeSeries,Mozilla/5.0 (Windows NT 10.0; Win64; x64) AppleWebKit/537.36 (KHTML like Gecko) Chrome/78.0.3904.108 Safari/537.36,?longitude=130.0219&latitude=-35.4374&sdate=77-06-2016&edate=15-06-2016,127.0.0.1 
2019-12-11 14:39:16,FANCY-DP,GET/SMIPS/TimeSeries,Mozilla/5.0 (Windows NT 10.0; Win64; x64) AppleWebKit/537.36 (KHTML like Gecko) Chrome/78.0.3904.108 Safari/537.36,?longitude=130.0219&latitude=-35.4374&sdate=13-06-2016&edate=15-06-2016,127.0.0.1 
2019-12-11 14:55:12,FANCY-DP,GET/__swagger__/,Mozilla/5.0 (Windows NT 10.0; Win64; x64) AppleWebKit/537.36 (KHTML like Gecko) QtWebEngine/5.12.1 Chrome/69.0.3497.128 Safari/537.36,,127.0.0.1 
2019-12-11 14:55:13,FANCY-DP,GET/swagger.json,Mozilla/5.0 (Windows NT 10.0; Win64; x64) AppleWebKit/537.36 (KHTML like Gecko) QtWebEngine/5.12.1 Chrome/69.0.3497.128 Safari/537.36,?schemes=http&host=127.0.0.1:5355&path=/,127.0.0.1 
2019-12-11 14:55:15,FANCY-DP,GET/SMIPS/TimeSeries,Mozilla/5.0 (Windows NT 10.0; Win64; x64) AppleWebKit/537.36 (KHTML like Gecko) Chrome/78.0.3904.108 Safari/537.36,?longitude=130.0219&latitude=-35.4374&sdate=13-06-2016&edate=15-06-2016,127.0.0.1 
2019-12-11 14:56:12,FANCY-DP,GET/__swagger__/,Mozilla/5.0 (Windows NT 10.0; Win64; x64) AppleWebKit/537.36 (KHTML like Gecko) QtWebEngine/5.12.1 Chrome/69.0.3497.128 Safari/537.36,,127.0.0.1 
2019-12-11 14:56:12,FANCY-DP,GET/__swagger__/,Mozilla/5.0 (Windows NT 10.0; Win64; x64) AppleWebKit/537.36 (KHTML like Gecko) QtWebEngine/5.12.1 Chrome/69.0.3497.128 Safari/537.36,,127.0.0.1 
2019-12-11 14:56:12,FANCY-DP,GET/swagger.json,Mozilla/5.0 (Windows NT 10.0; Win64; x64) AppleWebKit/537.36 (KHTML like Gecko) QtWebEngine/5.12.1 Chrome/69.0.3497.128 Safari/537.36,?schemes=http&host=127.0.0.1:5355&path=/,127.0.0.1 
2019-12-11 14:56:15,FANCY-DP,GET/SMIPS/TimeSeries,Mozilla/5.0 (Windows NT 10.0; Win64; x64) AppleWebKit/537.36 (KHTML like Gecko) Chrome/78.0.3904.108 Safari/537.36,?longitude=130.0219&latitude=-35.4374&sdate=13-06-2016&edate=15-06-2016,127.0.0.1 
2019-12-11 14:56:55,FANCY-DP,GET/SMIPS/TimeSeries,Mozilla/5.0 (Windows NT 10.0; Win64; x64) AppleWebKit/537.36 (KHTML like Gecko) Chrome/78.0.3904.108 Safari/537.36,?longitude=130.0219&latitude=-35.4374&sdate=13-12-2016&edate=15-12-2016,127.0.0.1 
2019-12-11 14:57:15,FANCY-DP,GET/SMIPS/TimeSeries,Mozilla/5.0 (Windows NT 10.0; Win64; x64) AppleWebKit/537.36 (KHTML like Gecko) Chrome/78.0.3904.108 Safari/537.36,?longitude=130.0219&latitude=-35.4374&sdate=13-12-2016&edate=15-12-2016,127.0.0.1 
2019-12-11 14:57:23,FANCY-DP,GET/SMIPS/TimeSeries,Mozilla/5.0 (Windows NT 10.0; Win64; x64) AppleWebKit/537.36 (KHTML like Gecko) Chrome/78.0.3904.108 Safari/537.36,?longitude=130.0219&latitude=-35.4374&sdate=13-12-2017&edate=15-12-2017,127.0.0.1 
2019-12-11 14:59:59,FANCY-DP,GET/__swagger__/,Mozilla/5.0 (Windows NT 10.0; Win64; x64) AppleWebKit/537.36 (KHTML like Gecko) QtWebEngine/5.12.1 Chrome/69.0.3497.128 Safari/537.36,,127.0.0.1 
2019-12-11 14:59:59,FANCY-DP,GET/swagger.json,Mozilla/5.0 (Windows NT 10.0; Win64; x64) AppleWebKit/537.36 (KHTML like Gecko) QtWebEngine/5.12.1 Chrome/69.0.3497.128 Safari/537.36,?schemes=http&host=127.0.0.1:5355&path=/,127.0.0.1 
2019-12-11 15:00:02,FANCY-DP,GET/SMIPS/TimeSeries,Mozilla/5.0 (Windows NT 10.0; Win64; x64) AppleWebKit/537.36 (KHTML like Gecko) Chrome/78.0.3904.108 Safari/537.36,?longitude=130.0219&latitude=-35.4374&sdate=13-06-2019&edate=15-06-2019,127.0.0.1 
2019-12-11 15:00:47,FANCY-DP,GET/__swagger__/,Mozilla/5.0 (Windows NT 10.0; Win64; x64) AppleWebKit/537.36 (KHTML like Gecko) QtWebEngine/5.12.1 Chrome/69.0.3497.128 Safari/537.36,,127.0.0.1 
2019-12-11 15:00:48,FANCY-DP,GET/swagger.json,Mozilla/5.0 (Windows NT 10.0; Win64; x64) AppleWebKit/537.36 (KHTML like Gecko) QtWebEngine/5.12.1 Chrome/69.0.3497.128 Safari/537.36,?schemes=http&host=127.0.0.1:5355&path=/,127.0.0.1 
2019-12-11 15:00:50,FANCY-DP,GET/SMIPS/TimeSeries,Mozilla/5.0 (Windows NT 10.0; Win64; x64) AppleWebKit/537.36 (KHTML like Gecko) Chrome/78.0.3904.108 Safari/537.36,?longitude=130.0219&latitude=-35.4374&sdate=13-06-2019&edate=15-06-2019,127.0.0.1 
2019-12-11 15:01:31,FANCY-DP,GET/SMIPS/TimeSeries,Mozilla/5.0 (Windows NT 10.0; Win64; x64) AppleWebKit/537.36 (KHTML like Gecko) Chrome/78.0.3904.108 Safari/537.36,?longitude=140.0219&latitude=-25.4374&sdate=13-06-2019&edate=15-06-2019,127.0.0.1 
2019-12-11 15:01:44,FANCY-DP,GET/SMIPS/TimeSeries,Mozilla/5.0 (Windows NT 10.0; Win64; x64) AppleWebKit/537.36 (KHTML like Gecko) Chrome/78.0.3904.108 Safari/537.36,?longitude=130.0219&latitude=-25.4374&sdate=13-06-2019&edate=15-06-2019,127.0.0.1 
2019-12-11 15:01:54,FANCY-DP,GET/SMIPS/TimeSeries,Mozilla/5.0 (Windows NT 10.0; Win64; x64) AppleWebKit/537.36 (KHTML like Gecko) Chrome/78.0.3904.108 Safari/537.36,?longitude=100.0219&latitude=-25.4374&sdate=13-06-2019&edate=15-06-2019,127.0.0.1 
2019-12-11 15:02:01,FANCY-DP,GET/SMIPS/TimeSeries,Mozilla/5.0 (Windows NT 10.0; Win64; x64) AppleWebKit/537.36 (KHTML like Gecko) Chrome/78.0.3904.108 Safari/537.36,?longitude=130.0219&latitude=-25.4374&sdate=13-06-2019&edate=15-06-2019,127.0.0.1 
2019-12-11 15:02:08,FANCY-DP,GET/SMIPS/TimeSeries,Mozilla/5.0 (Windows NT 10.0; Win64; x64) AppleWebKit/537.36 (KHTML like Gecko) Chrome/78.0.3904.108 Safari/537.36,?longitude=130.0219&latitude=-45.4374&sdate=13-06-2019&edate=15-06-2019,127.0.0.1 
2019-12-11 15:02:22,FANCY-DP,GET/SMIPS/TimeSeries,Mozilla/5.0 (Windows NT 10.0; Win64; x64) AppleWebKit/537.36 (KHTML like Gecko) Chrome/78.0.3904.108 Safari/537.36,?longitude=130.0219&latitude=-25.4374&sdate=13-06-2019&edate=15-06-2019,127.0.0.1 
2019-12-11 15:11:55,FANCY-DP,GET/SMIPS/TimeSeries,Mozilla/5.0 (Windows NT 10.0; Win64; x64) AppleWebKit/537.36 (KHTML like Gecko) Chrome/78.0.3904.108 Safari/537.36,?longitude=143.0219&latitude=-20.4374&sdate=13-06-2018&edate=13-06-2018,127.0.0.1 
2019-12-11 15:18:02,FANCY-DP,GET/SMIPS/TimeSeries,Mozilla/5.0 (Windows NT 10.0; Win64; x64) AppleWebKit/537.36 (KHTML like Gecko) Chrome/78.0.3904.108 Safari/537.36,?product=bob&longitude=143.0219&latitude=-20.4374&sdate=13-06-2018&edate=13-06-2018,127.0.0.1 
2019-12-11 15:18:55,FANCY-DP,GET/__swagger__/,Mozilla/5.0 (Windows NT 10.0; Win64; x64) AppleWebKit/537.36 (KHTML like Gecko) QtWebEngine/5.12.1 Chrome/69.0.3497.128 Safari/537.36,, 
2019-12-11 15:18:55,FANCY-DP,GET/__swagger__/,Mozilla/5.0 (Windows NT 10.0; Win64; x64) AppleWebKit/537.36 (KHTML like Gecko) QtWebEngine/5.12.1 Chrome/69.0.3497.128 Safari/537.36,,127.0.0.1 
2019-12-11 15:18:55,FANCY-DP,GET/swagger.json,Mozilla/5.0 (Windows NT 10.0; Win64; x64) AppleWebKit/537.36 (KHTML like Gecko) QtWebEngine/5.12.1 Chrome/69.0.3497.128 Safari/537.36,?schemes=http&host=127.0.0.1:5355&path=/,127.0.0.1 
2019-12-11 15:19:02,FANCY-DP,GET/SMIPS/TimeSeries,Mozilla/5.0 (Windows NT 10.0; Win64; x64) AppleWebKit/537.36 (KHTML like Gecko) Chrome/78.0.3904.108 Safari/537.36,?product=bob&longitude=143.0219&latitude=-20.4374&sdate=13-06-2018&edate=13-06-2018,127.0.0.1 
2019-12-11 15:19:14,FANCY-DP,GET/SMIPS/TimeSeries,Mozilla/5.0 (Windows NT 10.0; Win64; x64) AppleWebKit/537.36 (KHTML like Gecko) Chrome/78.0.3904.108 Safari/537.36,?longitude=143.0219&latitude=-20.4374&sdate=13-06-2018&edate=13-06-2018,127.0.0.1 
2019-12-11 15:19:49,FANCY-DP,GET/SMIPS/TimeSeries,Mozilla/5.0 (Windows NT 10.0; Win64; x64) AppleWebKit/537.36 (KHTML like Gecko) Chrome/78.0.3904.108 Safari/537.36,?longitude=143.0219&latitude=-20.4374&sdate=13-06-2018&edate=13-06-2018,127.0.0.1 
2019-12-11 15:19:58,FANCY-DP,GET/SMIPS/TimeSeries,Mozilla/5.0 (Windows NT 10.0; Win64; x64) AppleWebKit/537.36 (KHTML like Gecko) Chrome/78.0.3904.108 Safari/537.36,?longitude=143.0219&latitude=-20.4374&sdate=13-06-2018&edate=13-06-2018,127.0.0.1 
